week,channel,SARS-CoV2/PMMoV x 1000,infA/PMMoV x 1000,infB/PMMoV x 1000
2020-38,Uppsala,0.03234712,NA,NA
2020-39,Uppsala,0.18021966,NA,NA
2020-40,Uppsala,0.86413015,NA,NA
2020-41,Uppsala,0.79019388,NA,NA
2020-42,Uppsala,1.86689079,NA,NA
2020-43,Uppsala,3.75226565,NA,NA
2020-44,Uppsala,2.20884604,NA,NA
2020-45,Uppsala,6.0720161,NA,NA
2020-46,Uppsala,11.3122491,NA,NA
2020-47,Uppsala,5.6330195,NA,NA
2020-48,Uppsala,2.54618027,NA,NA
2020-49,Uppsala,2.21346706,NA,NA
2020-50*,,0,NA,NA
2020-51,Uppsala,0.89185625,NA,NA
2020-52*,,0,NA,NA
2020-53*,,0,NA,NA
2021-01,Uppsala,2.42141281,NA,NA
2021-02,Uppsala,2.90661958,NA,NA
2021-03,Uppsala,0.85950913,NA,NA
2021-04,Uppsala,1.81605961,NA,NA
2021-05,Uppsala,0.73474168,NA,NA
2021-06,Uppsala,1.35395793,NA,NA
2021-07,Uppsala,4.21436733,NA,NA
2021-08,Uppsala,2.29202434,NA,NA
2021-09,Uppsala,12.3843251,NA,NA
2021-10,Uppsala,5.89179644,NA,NA
2021-11,Uppsala,5.25871714,NA,NA
2021-11,Knivsta,6.5710859,NA,NA
2021-12,Uppsala,3.91862226,NA,NA
2021-13,Knivsta,4.95373002,NA,NA
2021-13,Uppsala,11.8621502,NA,NA
2021-13,Enköping,4.28368259,NA,NA
2021-14,Knivsta,6.76978964,NA,NA
2021-14,Älvkarleby,0.92882438,NA,NA
2021-14,Uppsala,10.2540363,NA,NA
2021-14,Enköping,10.8686315,NA,NA
2021-14,Östhammar,1.96855316,NA,NA
2021-15,Östhammar,7.22264925,NA,NA
2021-15,Uppsala,2.67094772,NA,NA
2021-15,Enköping,2.72639992,NA,NA
2021-15,Knivsta,2.72639992,NA,NA
2021-15,Älvkarleby,3.24857482,NA,NA
2021-16,Uppsala,8.87697331,NA,NA
2021-16,Knivsta,13.5072321,NA,NA
2021-16,Östhammar,16.2752212,NA,NA
2021-16,Älvkarleby,17.296466,NA,NA
2021-16,Ekerö,3.85854904,NA,NA
2021-16,Enköping,3.94172735,NA,NA
2021-16,Tierp,4.05263175,NA,NA
2021-17,Älvkarleby,4.84744664,NA,NA
2021-17,Knivsta,5.1940229,NA,NA
2021-17,Österåker,5.64226153,NA,NA
2021-17,Östhammar,7.54149947,NA,NA
2021-17,Vaxholm,1.17835929,NA,NA
2021-17,Uppsala,1.88075384,NA,NA
2021-17,Tierp,2.74488399,NA,NA
2021-17,Ekerö,3.08683923,NA,NA
2021-17,Enköping,3.08683923,NA,NA
2021-18,Östhammar,0.18021966,NA,NA
2021-18,Ekerö,0.37430236,NA,NA
2021-18,Vaxholm,0.45285965,NA,NA
2021-18,Österåker,0.65618439,NA,NA
2021-18,Tierp,5.07849748,NA,NA
2021-18,Knivsta,6.09512118,NA,NA
2021-18,Uppsala,1.1829803,NA,NA
2021-18,Enköping,1.96855316,NA,NA
2021-18,Älvkarleby,2.47686501,NA,NA
2021-19,Ekerö,0.10628339,NA,NA
2021-19,Vaxholm,0.12014644,NA,NA
2021-19,Tierp,0.26801898,NA,NA
2021-19,Enköping,0.33733423,NA,NA
2021-19,Österåker,1.1275281,NA,NA
2021-19,Knivsta,11.1135455,NA,NA
2021-19,Östhammar,1.56190368,NA,NA
2021-19,Uppsala,3.0498711,NA,NA
2021-19,Älvkarleby,4.57942767,NA,NA
2021-20,Tierp,0.07393627,NA,NA
2021-20,Österåker,0.18484067,NA,NA
2021-20,Uppsala,0.21718779,NA,NA
2021-20,Östhammar,0.23105084,NA,NA
2021-20,Älvkarleby,0.27726101,NA,NA
2021-20,Ekerö,0.30498711,NA,NA
2021-20,Knivsta,0.69315252,NA,NA
2021-20,Vaxholm,0.77170981,NA,NA
2021-20,Enköping,3.93710633,NA,NA
2021-21,Tierp,0.14787254,NA,NA
2021-21,Älvkarleby,0.15249355,NA,NA
2021-21,Österåker,0.17097762,NA,NA
2021-21,Vaxholm,0.4112705,NA,NA
2021-21,Östhammar,0.60073219,NA,NA
2021-21,Uppsala,0.63770032,NA,NA
2021-21,Ekerö,0.71163659,NA,NA
2021-21,Knivsta,1.58038775,NA,NA
2021-22,Tierp,0.16173559,NA,NA
2021-22,Älvkarleby,0.33271321,NA,NA
2021-22,Enköping,0.36043931,NA,NA
2021-22,Vaxholm,0.40202846,NA,NA
2021-22,Ekerö,0.57300609,NA,NA
2021-22,Knivsta,0.60997422,NA,NA
2021-22,Uppsala,0.73936269,NA,NA
2021-22,Österåker,0.80867795,NA,NA
2021-22,Östhammar,2.37058162,NA,NA
2021-23,Tierp,0.03696813,NA,NA
2021-23,Knivsta,0.06007322,NA,NA
2021-23,Älvkarleby,0.07855729,NA,NA
2021-23,Uppsala,0.09704135,NA,NA
2021-23,Ekerö,0.12014644,NA,NA
2021-23,Östhammar,0.15249355,NA,NA
2021-23,Vaxholm,0.27726101,NA,NA
2021-23,Österåker,0.30036609,NA,NA
2021-23,Enköping,0.51293287,NA,NA
2021-24,Tierp,0.0277261,NA,NA
2021-24,Vaxholm,0.07855729,NA,NA
2021-24,Ekerö,0.13400949,NA,NA
2021-24,Österåker,0.22180881,NA,NA
2021-24,Uppsala,0.27263999,NA,NA
2021-24,Enköping,0.35119728,NA,NA
2021-24,Östhammar,0.81791998,NA,NA
2021-24,Knivsta,0.822541,NA,NA
2021-24,Älvkarleby,0.91034031,NA,NA
2021-25,Örebro,0.00737843,NA,NA
2021-25,Umeå,0.00825817,NA,NA
2021-25,Tierp,0.01598872,NA,NA
2021-25,Östhammar,0.04052632,NA,NA
2021-25,Uppsala,0.04126568,NA,NA
2021-25,Älvkarleby,0.0445466,NA,NA
2021-26,Tierp,0.00872476,NA,NA
2021-26,Vaxholm,0.01792527,NA,NA
2021-26,Umeå,0.02376142,NA,NA
2021-26,Enköping,0.02606246,NA,NA
2021-26,Knivsta,0.02955732,NA,NA
2021-26,Ekerö,0.04443655,NA,NA
2021-26,Uppsala,0.07314811,NA,NA
2021-26,Örebro,0.07990387,NA,NA
2021-26,Österåker,0.18835726,NA,NA
2021-27,Örebro,0.0313357,NA,NA
2021-27,Tierp,0.03552139,NA,NA
2021-27,Umeå,0.13275678,NA,NA
2021-27,Uppsala,0.15067732,NA,NA
2021-28,Tierp,0.02735008,NA,NA
2021-28,Örebro,0.03839413,NA,NA
2021-28,Enköping,0.04605525,NA,NA
2021-28,Umeå,0.09297393,NA,NA
2021-28,Ekerö,0.10394109,NA,NA
2021-28,Österåker,0.20670983,NA,NA
2021-28,Uppsala,0.22649263,NA,NA
2021-28,Vaxholm,0.51129214,NA,NA
2021-29,Örebro,0.03067981,NA,NA
2021-29,Umeå,0.11457357,NA,NA
2021-29,Uppsala,0.19332908,NA,NA
2021-30,Knivsta,0.00445098,NA,NA
2021-30,Örebro,0.01605339,NA,NA
2021-30,Österåker,0.02164226,NA,NA
2021-30,Vaxholm,0.02278745,NA,NA
2021-30,Umeå,0.02970475,NA,NA
2021-30,Uppsala,0.0656681,NA,NA
2021-30,Ekerö,0.13028874,NA,NA
2021-31,Uppsala,0.03893749,NA,NA
2021-31,Örebro,0.05845257,NA,NA
2021-31,Umeå,0.21810388,NA,NA
2021-32,Österåker,0.01794672,NA,NA
2021-32,Tierp,0.03205363,NA,NA
2021-32,Örebro,0.03648157,NA,NA
2021-32,Uppsala,0.04561759,NA,NA
2021-32,Knivsta,0.08752491,NA,NA
2021-32,Ekerö,0.10490578,NA,NA
2021-32,Vaxholm,0.15819344,NA,NA
2021-32,Umeå,0.17150256,NA,NA
2021-32,Enköping,0.20606918,NA,NA
2021-33,Tierp,0.01248926,NA,NA
2021-33,Uppsala,0.01334731,NA,NA
2021-33,Örebro,0.06659861,NA,NA
2021-33,Enköping,0.08552199,NA,NA
2021-33,Umeå,0.33557725,NA,NA
2021-34,Uppsala,0.14653637,NA,NA
2021-34,Knivsta,0.1252688,NA,NA
2021-34,Enköping,0.18791886,NA,NA
2021-34,Tierp,0.00812601,NA,NA
2021-34,Ekerö,0.17752581,NA,NA
2021-34,Österåker,0.13069003,NA,NA
2021-34,Umeå,0.07772399,NA,NA
2021-34,Örebro,0.10456144,NA,NA
2021-34,Kalmar,0.12440544,NA,NA
2021-35,Uppsala,0.03907451,NA,NA
2021-35,Enköping,0.08322253,NA,NA
2021-35,Tierp,0.00811676,NA,NA
2021-35,Umeå,0.014751,NA,NA
2021-35,Örebro,0.03991593,NA,NA
2021-36,Uppsala,0.16665666,NA,NA
2021-36,Knivsta,0.09593869,NA,NA
2021-36,Enköping,0.11096358,NA,NA
2021-36,Älvkarleby,0.00404512,NA,NA
2021-36,Östhammar,0.29900688,NA,NA
2021-36,Tierp,0.33751692,NA,NA
2021-36,Ekerö,0.04073996,NA,NA
2021-36,Vaxholm,0.00581098,NA,NA
2021-36,Österåker,0.03057043,NA,NA
2021-36,Umeå,0.50666355,NA,NA
2021-36,Örebro,0.13113205,NA,NA
2021-36,Kalmar,0.15436837,NA,NA
2021-37,Uppsala,0.31951269,NA,NA
2021-37,Enköping,0.05638151,NA,NA
2021-37,Älvkarleby,0.01067131,NA,NA
2021-37,Östhammar,0.12843294,NA,NA
2021-37,Tierp,0.09037004,NA,NA
2021-37,Umeå,0.0786356,NA,NA
2021-37,Örebro,0.05482191,NA,NA
2021-37,Kalmar,0.03780627,NA,NA
2021-38,Uppsala,0.02740163,NA,NA
2021-38,Knivsta,0.01221905,NA,NA
2021-38,Enköping,0.00864707,NA,NA
2021-38,Älvkarleby,0.11907469,NA,NA
2021-38,Östhammar,0.00701998,NA,NA
2021-38,Tierp,0.0068178,NA,NA
2021-38,Ekerö,0.01064877,NA,NA
2021-38,Umeå,0.04541884,NA,NA
2021-38,Örebro,0.02556557,NA,NA
2021-38,Kalmar,0.01614889,NA,NA
2021-39,Uppsala,0.1089265,NA,NA
2021-39,Enköping,0.07941203,NA,NA
2021-39,Älvkarleby,0.07246476,NA,NA
2021-39,Östhammar,0.0507436,NA,NA
2021-39,Tierp,0.00330311,NA,NA
2021-39,Vaxholm,0.02539455,NA,NA
2021-39,Österåker,0.79798044,NA,NA
2021-39,Umeå,0.03701442,NA,NA
2021-39,Örebro,0.02328894,NA,NA
2021-39,Kalmar,0.00916616,NA,NA
2021-40,Uppsala,0.1378019,NA,NA
2021-40,Knivsta,0.02940764,NA,NA
2021-40,Enköping,0.07941203,NA,NA
2021-40,Älvkarleby,0.31097293,NA,NA
2021-40,Östhammar,0.00873845,NA,NA
2021-40,Tierp,0.02555223,NA,NA
2021-40,Ekerö,0.060925,NA,NA
2021-40,Umeå,0.16371152,NA,NA
2021-40,Örebro,0.03561314,NA,NA
2021-40,Kalmar,0.04075905,NA,NA
2021-41,Uppsala,0.27802953,NA,NA
2021-41,Älvkarleby,4.75822363,NA,NA
2021-41,Östhammar,0.01669171,NA,NA
2021-41,Tierp,0.00287813,NA,NA
2021-41,Vaxholm,0.01923484,NA,NA
2021-41,Österåker,0.30839667,NA,NA
2021-41,Umeå,0.72822217,NA,NA
2021-41,Örebro,0.09659404,NA,NA
2021-41,Kalmar,0.09783013,NA,NA
2021-42,Uppsala,0.15792245,NA,NA
2021-42,Älvkarleby,1.4998583,NA,NA
2021-42,Enköping,0.47513385,NA,NA
2021-42,Östhammar,0.07919449,NA,NA
2021-42,Tierp,0,NA,NA
2021-42,Ekerö,0.0155047,NA,NA
2021-42,Umeå,0.54262985,NA,NA
2021-42,Örebro,0.03266696,NA,NA
2021-42,Kalmar,0.13396449,NA,NA
2021-43,Uppsala,0.3108191,NA,NA
2021-43,Älvkarleby,0.40176337,NA,NA
2021-43,Enköping,0.21838968,NA,NA
2021-43,Östhammar,0.00464659,NA,NA
2021-43,Tierp,0.013843,NA,NA
2021-43,Vaxholm,0.41497867,NA,NA
2021-43,Österåker,0.37532912,NA,NA
2021-43,Kalmar,0.42320418,NA,NA
2021-43,Umeå,0.32215079,NA,NA
2021-43,Örebro,0.24826383,NA,NA
2021-44,Uppsala,0.66446496,NA,NA
2021-44,Älvkarleby,0.30535571,NA,NA
2021-44,Enköping,0.13954831,NA,NA
2021-44,Östhammar,0.03687776,NA,NA
2021-44,Tierp,0.10464313,NA,NA
2021-44,Ekerö,0.04161074,NA,NA
2021-44,Kalmar,0.88295114,NA,NA
2021-44,Umeå,0.36525372,NA,NA
2021-44,Örebro,0.34047838,NA,NA
2021-45,Uppsala,0.16330412,NA,NA
2021-45,Älvkarleby,0.42451255,NA,NA
2021-45,Enköping,0.24522827,NA,NA
2021-45,Östhammar,0.04353077,NA,NA
2021-45,Tierp,0.00947058,NA,NA
2021-45,Kalmar,1.03533831,NA,NA
2021-45,Umeå,1.2686461,NA,NA
2021-45,Örebro,0.73504152,NA,NA
2021-46,Uppsala,0.24859586,NA,NA
2021-46,Älvkarleby,0.25283269,NA,NA
2021-46,Enköping,1.62075111,NA,NA
2021-46,Östhammar,0.01843254,NA,NA
2021-46,Tierp,0.01999811,NA,NA
2021-46,Kalmar,0.94125566,NA,NA
2021-46,Umeå,2.00847582,NA,NA
2021-46,Örebro,0.58262573,NA,NA
2021-46,Ekerö,0.17817306,NA,NA
2021-47,Uppsala,0.15807439,NA,NA
2021-47,Älvkarleby,0.67273064,NA,NA
2021-47,Enköping,0.57913101,NA,NA
2021-47,Östhammar,0.07872155,NA,NA
2021-47,Tierp,0.00600016,NA,NA
2021-47,Kalmar,0.17170568,NA,NA
2021-47,Umeå,0.29744709,NA,NA
2021-47,Örebro,0.20989657,NA,NA
2021-48,Ekerö,0.64735777,NA,NA
2021-48,Uppsala,0.37070022,NA,NA
2021-48,Älvkarleby,0.51637375,NA,NA
2021-48,Enköping,0.35180759,NA,NA
2021-48,Östhammar,0.98455571,NA,NA
2021-48,Tierp,0.07082252,NA,NA
2021-48,Kalmar,0.38361229,NA,NA
2021-48,Umeå,0.36637768,NA,NA
2021-48,Örebro,0.47376332,NA,NA
2021-49,Uppsala,1.04371278,NA,NA
2021-49,Älvkarleby,2.07265341,NA,NA
2021-49,Enköping,0.79928599,NA,NA
2021-49,Östhammar,0.22356336,NA,NA
2021-49,Tierp,0.13879923,NA,NA
2021-49,Kalmar,0.80577314,NA,NA
2021-49,Umeå,0.86458468,NA,NA
2021-49,Örebro,0.66280027,NA,NA
2021-50,Ekerö,0.69511379,NA,NA
2021-50,Uppsala,0.76970772,NA,NA
2021-50,Älvkarleby,3.53938944,NA,NA
2021-50,Enköping,0.31574719,NA,NA
2021-50,Umeå,0.51653518,NA,NA
2021-50,Örebro,0.52489768,NA,NA
2021-50,Kalmar,0.46987713,NA,NA
2021-50,Östhammar,0.17497128,NA,NA
2021-50,Tierp,0.74896903,NA,NA
2021-51,Uppsala,0.92660579,NA,NA
2021-51,Älvkarleby,5.5021241,NA,NA
2021-51,Knivsta,0.8782609,NA,NA
2021-51,Örebro,0.75113013,NA,NA
2021-51,Kalmar,0.84420794,NA,NA
2021-51,Östhammar,0.33365916,NA,NA
2021-51,Tierp,0.81785831,NA,NA
2021-51,Umeå,0.95921596,NA,NA
2021-52,Uppsala,1.83702194,NA,NA
2021-52,Ekerö,4.53902148,NA,NA
2021-52,Tierp,0.90016855,NA,NA
2021-52,Örebro,1.59050229,NA,NA
2021-52,Kalmar,1.72102692,NA,NA
2021-52,Umeå,0.84284676,NA,NA
2022-01,Uppsala,3.2098905,NA,NA
2022-01,Knivsta,1.83743606,NA,NA
2022-01,Tierp,1.00366329,NA,NA
2022-01,Örebro,1.58020837,NA,NA
2022-01,Kalmar,2.39138024,NA,NA
2022-01,Umeå,2.03617566,NA,NA
2022-01,Enköping,5.81076922,NA,NA
2022-02,Uppsala,7.29006959,NA,NA
2022-02,Ekerö,2.76378377,NA,NA
2022-02,Tierp,2.19382774,NA,NA
2022-02,Örebro,3.49289801,NA,NA
2022-02,Kalmar,3.22810854,NA,NA
2022-02,Umeå,2.90732923,NA,NA
2022-02,Enköping,11.0058296,NA,NA
2022-03,Uppsala,7.96057438,NA,NA
2022-03,Knivsta,16.5986948,NA,NA
2022-03,Tierp,3.67883372,NA,NA
2022-03,Örebro,7.76111136,NA,NA
2022-03,Kalmar,4.40859072,NA,NA
2022-03,Umeå,6.91970967,NA,NA
2022-03,Enköping,27.0016641,NA,NA
2022-04,Uppsala,14.0432282,NA,NA
2022-04,Ekerö,10.3879296,NA,NA
2022-04,Enköping,26.7822285,NA,NA
2022-04,Tierp,4.81105078,NA,NA
2022-04,Örebro,6.76657267,NA,NA
2022-04,Kalmar,7.83552564,NA,NA
2022-04,Umeå,7.8280694,NA,NA
2022-05,Uppsala,13.9463265,NA,NA
2022-05,Knivsta,10.7390784,NA,NA
2022-05,Tierp,3.05722114,NA,NA
2022-05,Örebro,11.2199232,NA,NA
2022-05,Kalmar,22.4435915,NA,NA
2022-05,Umeå,12.9452213,NA,NA
2022-05,Enköping,11.4610696,NA,NA
2022-05,Östhammar,7.23852498,NA,NA
2022-05,Älvkarleby,10.1708917,NA,NA
2022-06,Älvkarleby,11.3285519,NA,NA
2022-07,Älvkarleby,8.35619532,NA,NA
2022-08,Älvkarleby,10.2432877,NA,NA
2022-06,Örebro,6.55882362,NA,NA
2022-07,Örebro,10.4171171,NA,NA
2022-08,Örebro,7.34249561,NA,NA
2022-06,Östhammar,16.253592,NA,NA
2022-07,Östhammar,7.79621574,NA,NA
2022-08,Östhammar,6.63019667,NA,NA
2022-06,Ekerö,5.49052543,NA,NA
2022-08,Ekerö,3.10160253,NA,NA
2022-06,Enköping,11.2264577,NA,NA
2022-07,Enköping,5.38573419,NA,NA
2022-08,Enköping,8.80494833,NA,NA
2022-06,Kalmar,16.954101,NA,NA
2022-07,Kalmar,9.21418349,NA,NA
2022-08,Kalmar,20.1282149,NA,NA
2022-07,Knivsta,5.93918542,NA,NA
2022-06,Tierp,5.49052543,NA,NA
2022-07,Tierp,2.15237689,NA,NA
2022-08,Tierp,9.33101433,NA,NA
2022-06,Umeå,11.6098111,NA,NA
2022-07,Umeå,23.7013109,NA,NA
2022-08,Umeå,23.0846404,NA,NA
2022-06,Uppsala,20.3805066,NA,NA
2022-07,Uppsala,11.8313038,NA,NA
2022-08,Uppsala,6.87290592,NA,NA
2022-09,Uppsala,9.67213267,NA,NA
2022-09,Knivsta,7.1465887,NA,NA
2022-09,Tierp,3.18341717,NA,NA
2022-09,Örebro,4.96595667,NA,NA
2022-09,Kalmar,18.7405204,NA,NA
2022-09,Umeå,36.7261336,NA,NA
2022-09,Enköping,4.86376026,NA,NA
2022-09,Östhammar,6.35835753,NA,NA
2022-09,Älvkarleby,6.48776316,NA,NA
2022-10,Uppsala,12.7815012,NA,NA
2022-10,Ekerö,2.82131715,NA,NA
2022-10,Tierp,4.39435039,NA,NA
2022-10,Örebro,5.18400875,NA,NA
2022-10,Kalmar,10.373917,NA,NA
2022-10,Umeå,18.768071,NA,NA
2022-10,Enköping,5.23181081,NA,NA
2022-10,Östhammar,5.24881216,NA,NA
2022-10,Älvkarleby,10.8220526,NA,NA
2022-11,Uppsala,6.61135557,NA,NA
2022-11,Tierp,0.82735833,NA,NA
2022-11,Örebro,4.01059753,NA,NA
2022-11,Kalmar,13.0459721,NA,NA
2022-11,Umeå,10.6132873,NA,NA
2022-11,Enköping,4.52761657,NA,NA
2022-11,Östhammar,0.97079736,NA,NA
2022-11,Älvkarleby,12.0745085,NA,NA
2022-12,Uppsala,5.22671082,NA,NA
2022-12,Enköping,4.19312143,NA,NA
2022-12,Älvkarleby,6.4246736,NA,NA
2022-12,Östhammar,3.41080657,NA,NA
2022-12,Tierp,1.21618497,NA,NA
2022-12,Ekerö,5.67164724,NA,NA
2022-12,Umeå,12.2795734,NA,NA
2022-12,Örebro,2.50044361,NA,NA
2022-12,Kalmar,9.82675126,NA,NA
2022-13,Uppsala,4.55857042,NA,NA
2022-13,Enköping,11.953878,NA,NA
2022-13,Älvkarleby,3.95324163,NA,NA
2022-13,Östhammar,2.08326892,NA,NA
2022-13,Tierp,0.60193367,NA,NA
2022-13,Umeå,10.5991662,NA,NA
2022-13,Örebro,4.09394983,NA,NA
2022-13,Kalmar,8.26742503,NA,NA
2022-14,Uppsala,4.50114845,NA,NA
2022-14,Ekerö,21.1423536,NA,NA
2022-14,Älvkarleby,8.22797127,NA,NA
2022-14,Östhammar,7.37521563,NA,NA
2022-14,Tierp,6.95637399,NA,NA
2022-14,Umeå,10.5895652,NA,NA
2022-14,Örebro,3.04391184,NA,NA
2022-14,Kalmar,7.59986677,NA,NA
2022-15,Uppsala,4.19287154,NA,NA
2022-15,Älvkarleby,9.01424955,NA,NA
2022-15,Östhammar,1.17355992,NA,NA
2022-15,Tierp,1.84847696,NA,NA
2022-15,Umeå,5.08883676,NA,NA
2022-15,Örebro,2.83889629,NA,NA
2022-15,Kalmar,4.14369436,NA,NA
2022-16,Ekerö,1.33609441,NA,NA
2022-16,Älvkarleby,5.56354948,NA,NA
2022-16,Tierp,0.8480063,NA,NA
2022-16,Umeå,8.36633835,NA,NA
2022-16,Örebro,1.80614342,NA,NA
2022-16,Kalmar,6.17800965,NA,NA
2022-16,Uppsala,5.0705548,NA,NA
2022-17,Uppsala,3.53224798,NA,NA
2022-17,Älvkarleby,5.63220142,NA,NA
2022-17,Östhammar,0.69018586,NA,NA
2022-17,Tierp,0.6323831,NA,NA
2022-17,Umeå,4.57482194,NA,NA
2022-17,Örebro,1.4216737,NA,NA
2022-17,Kalmar,3.00913345,NA,NA
2022-18,Uppsala,2.67011139,NA,NA
2022-18,Ekerö,1.71546965,NA,NA
2022-18,Älvkarleby,2.80538783,NA,NA
2022-18,Östhammar,1.13727388,NA,NA
2022-18,Tierp,0.84489343,NA,NA
2022-18,Umeå,3.92406072,NA,NA
2022-18,Örebro,2.15079205,NA,NA
2022-18,Kalmar,5.28983804,NA,NA
2022-19,Uppsala,2.70953321,NA,NA
2022-19,Älvkarleby,0.86612795,NA,NA
2022-19,Östhammar,0.23027804,NA,NA
2022-19,Tierp,0.38037138,NA,NA
2022-19,Umeå,3.60342198,NA,NA
2022-19,Örebro,0.75399892,NA,NA
2022-19,Kalmar,0.91727234,NA,NA
2022-20,Uppsala,1.68949723,NA,NA
2022-20,Älvkarleby,1.61975358,NA,NA
2022-20,Östhammar,0.59238069,NA,NA
2022-20,Tierp,0.36959575,NA,NA
2022-20,Umeå,1.39763169,NA,NA
2022-20,Örebro,1.27069437,NA,NA
2022-20,Kalmar,2.19345602,NA,NA
2022-20,Ekerö,2.57112815,NA,NA
2022-20,Enköping,1.02628859,NA,NA
2022-21,Uppsala,2.48304358,NA,NA
2022-21,Älvkarleby,1.22361973,NA,NA
2022-21,Östhammar,0.78199638,NA,NA
2022-21,Tierp,0.14164237,NA,NA
2022-21,Umeå,1.57927623,NA,NA
2022-21,Örebro,0.58441017,NA,NA
2022-21,Kalmar,1.73424089,NA,NA
2022-22,Uppsala,2.08418512,NA,NA
2022-22,Älvkarleby,3.15683855,NA,NA
2022-22,Östhammar,0.17549256,NA,NA
2022-22,Tierp,0.19296911,NA,NA
2022-22,Umeå,1.323705,NA,NA
2022-22,Örebro,0.45955615,NA,NA
2022-22,Ekerö,1.2482644,NA,NA
2022-22,Kalmar,0.51302007,NA,NA
2022-23,Uppsala,3.38621592,NA,NA
2022-23,Älvkarleby,1.27476314,NA,NA
2022-23,Östhammar,3.06636357,NA,NA
2022-23,Umeå,2.92390924,NA,NA
2022-23,Örebro,0.35811769,NA,NA
2022-23,Kalmar,2.24612252,NA,NA
2022-24,Uppsala,3.82458762,NA,NA
2022-24,Östhammar,NA,NA,NA
2022-24,Ekerö,5.07021378,NA,NA
2022-24,Umeå,7.1288671,NA,NA
2022-24,Örebro,1.22777346,NA,NA
2022-24,Kalmar,2.37411593,NA,NA
2022-25,Uppsala,6.87798733,NA,NA
2022-25,Östhammar,NA,NA,NA
2022-25,Älvkarleby,2.40831782,NA,NA
2022-25,Örebro,1.16275715,NA,NA
2022-25,Kalmar,3.94485998,NA,NA
2022-26,Uppsala,8.3554604,NA,NA
2022-26,Östhammar,NA,NA,NA
2022-26,Tierp,1.7563157,NA,NA
2022-26,Ekerö,9.85059818,NA,NA
2022-26,Umeå,10.0297901,NA,NA
2022-26,Kalmar,6.8869226,NA,NA
2022-27,Uppsala,5.97204595,NA,NA
2022-27,Östhammar,NA,NA,NA
2022-27,Tierp,2.67181604,NA,NA
2022-27,Älvkarleby,3.76368116,NA,NA
2022-27,Örebro,1.72881412,NA,NA
2022-27,Umeå,3.87599863,NA,NA
2022-27,Kalmar,3.57087115,NA,NA
2022-28,Uppsala,5.53166796,NA,NA
2022-28,Östhammar,NA,NA,NA
2022-28,Tierp,3.30616366,NA,NA
2022-28,Ekeby,2.24907954,NA,NA
2022-28,Örebro,0.6212203,NA,NA
2022-28,Umeå,4.31085376,NA,NA
2022-28,Kalmar,2.82207395,NA,NA
2022-29,Uppsala,5.93038483,NA,NA
2022-29,Östhammar,NA,NA,NA
2022-29,Tierp,3.30086399,NA,NA
2022-29,Örebro,2.38820252,NA,NA
2022-29,Umeå,3.73293466,NA,NA
2022-29,Kalmar,2.89543699,NA,NA
2022-30,Uppsala,5.4938303,NA,NA
2022-30,Östhammar,NA,NA,NA
2022-30,Tierp,3.47342883,NA,NA
2022-30,Ekerö,3.02448061,NA,NA
2022-30,Örebro,3.27308981,NA,NA
2022-30,Kalmar,9.46908826,NA,NA
2022-31,Uppsala,7.38411695,NA,NA
2022-31,Östhammar,NA,NA,NA
2022-31,Tierp,4.03453189,NA,NA
2022-31,Örebro,6.77502005,NA,NA
2022-31,Umeå,8.89744196,NA,NA
2022-31,Kalmar,6.42975502,NA,NA
2022-32,Uppsala,4.870208,NA,NA
2022-32,Östhammar,NA,NA,NA
2022-32,Tierp,2.77539539,NA,NA
2022-32,Ekerö,4.86505625,NA,NA
2022-32,Örebro,2.99287704,NA,NA
2022-32,Kalmar,5.06472283,NA,NA
2022-32,Umeå,4.56926448,NA,NA
2022-33,Uppsala,5.08145368,NA,NA
2022-33,Östhammar,NA,NA,NA
2022-33,Tierp,7.70263935,NA,NA
2022-33,Kalmar,3.42576581,NA,NA
2022-33,Örebro,0.82494481,NA,NA
2022-33,Umeå,2.80493985,NA,NA
2022-34,Uppsala,2.1177289,NA,NA
2022-34,Östhammar,NA,NA,NA
2022-34,Tierp,0.3887161,NA,NA
2022-34,Kalmar,2.7553223,NA,NA
2022-34,Umeå,2.33991219,NA,NA
2022-34,Örebro,0.52547265,NA,NA
2022-34,Ekerö,3.29967202,NA,NA
2022-35,Uppsala,2.61366502,NA,NA
2022-35,Östhammar,NA,NA,NA
2022-35,Tierp,1.72999252,NA,NA
2022-35,Örebro,1.8998125,NA,NA
2022-35,Umeå,1.70486407,NA,NA
2022-35,Kalmar,3.47080046,NA,NA
2022-36,Uppsala,2.26156061,NA,NA
2022-36,Östhammar,NA,NA,NA
2022-36,Tierp,1.73831404,NA,NA
2022-36,Ekerö,1.47448167,NA,NA
2022-36,Örebro,2.34297471,NA,NA
2022-36,Umeå,3.69785774,NA,NA
2022-36,Kalmar,3.67547896,NA,NA
2022-37,Uppsala,2.3467176,NA,NA
2022-37,Östhammar,NA,NA,NA
2022-37,Tierp,1.25666835,NA,NA
2022-37,Örebro,1.17634972,NA,NA
2022-37,Umeå,4.6214682,NA,NA
2022-37,Kalmar,2.04266674,NA,NA
2022-38,Uppsala,2.58417867,NA,NA
2022-38,Östhammar,NA,NA,NA
2022-38,Tierp,2.00087067,NA,NA
2022-38,Ekerö,3.69822781,NA,NA
2022-38,Örebro,1.22281717,NA,NA
2022-38,Umeå,2.89475127,NA,NA
2022-38,Kalmar,3.31031619,NA,NA
2022-39,Uppsala,2.35631541,NA,NA
2022-38,Östhammar,NA,NA,NA
2022-38,Tierp,0.75667303,NA,NA
2022-38,Örebro,1.32434692,NA,NA
2022-38,Umeå,2.69707696,NA,NA
2022-38,Kalmar,3.97567133,NA,NA
2022-40,Uppsala,2.02381323,NA,NA
2022-40,Östhammar,NA,NA,NA
2022-40,Tierp,1.28181948,NA,NA
2022-40,Ekerö,1.96020244,NA,NA
2022-40,Örebro,1.1974306,NA,NA
2022-40,Umeå,3.30291523,NA,NA
2022-40,Kalmar,4.2678344,NA,NA
2022-41,Uppsala,1.26623669,NA,NA
2022-41,Östhammar,NA,NA,NA
2022-41,Tierp,2.5595897,NA,NA
2022-41,Örebro,2.98719481,NA,NA
2022-41,Umeå,1.4500947,NA,NA
2022-41,Kalmar,2.16736277,NA,NA
2022-41,Jönköping,0.92272502,NA,NA
2022-41,Enköping,1.91092006,NA,NA
2022-42,Uppsala,3.79912832,1.693369,NA
2022-42,Östhammar,NA,NA,NA
2022-42,Tierp,3.54099451,0.02635921,NA
2022-42,Ekerö,2.37744599,1.62779253,NA
2022-42,Örebro,1.92339834,1.86234195,NA
2022-42,Umeå,2.42718406,0.05509797,NA
2022-42,Kalmar,7.49826706,1.01405512,NA
2022-42,Jönköping,3.26714661,21.2581307,NA
2022-43,Uppsala,3.09376597,1.1011082,NA
2022-43,Östhammar,NA,NA,NA
2022-43,Tierp,2.27389788,0.28781995,NA
2022-43,Västerås,1.76658264,52.010122,NA
2022-43,Örebro,2.350958,1.3421042,NA
2022-43,Umeå,4.91117673,0.75990771,NA
2022-43,Kalmar,6.65438465,0.1668044,NA
2022-43,Helsingborg,2.08898237,51.817728,NA
2022-43,Jönköping,4.14234527,3.14797124,NA
2022-43,Östersund,3.15098567,15.5345425,NA
2022-44,Uppsala,3.29969851,47.4821731,NA
2022-44,Östhammar,NA,NA,NA
2022-44,Tierp,1.13801223,5.11682395,NA
2022-44,Ekerö,3.66909661,0.22086096,NA
2022-44,Västerås,2.36501855,19.2072617,NA
2022-44,Örebro,1.22743168,0.22587344,NA
2022-44,Umeå,4.10372584,5.29782143,NA
2022-44,Kalmar,2.53368808,0.10034856,NA
2022-44,Helsingborg,3.73337463,11.9373712,NA
2022-44,Jönköping,2.45386311,NA,NA
2022-45,Uppsala,2.04238908,NA,NA
2022-45,Östhammar,NA,NA,NA
2022-45,Tierp,0.47968725,NA,NA
2022-45,Västerås,1.12007065,NA,NA
2022-45,Örebro,0.71018817,NA,NA
2022-45,Umeå,2.37048298,NA,NA
2022-45,Kalmar,3.05881483,NA,NA
2022-45,Helsingborg,1.57098414,NA,NA
2022-45,Jönköping,3.42941715,NA,NA
2022-46,Uppsala,3.4765389,NA,NA
2022-46,Tierp,1.83041624,NA,NA
2022-46,Älvkarleby,2.78597269,NA,NA
2022-46,Östhammar,3.54747666,NA,NA
2022-46,Ekerö,1.05802623,NA,NA
2022-46,Gävle,3.73978824,NA,NA
2022-46,Örebro,0.68167906,NA,NA
2022-46,Umeå,3.1840789,NA,NA
2022-46,Helsingborg,2.01446838,NA,NA
2022-46,Jönköping,2.76432189,NA,NA
2022-46,Västerås,0.77413612,NA,NA
2022-46,Östersund,1.44717987,NA,NA
2022-47,Älvkarleby,2.58084936,0.073,NA
2022-47,Gävle,3.3322847,5.075,NA
2022-47,Helsingborg,1.65264351,4.986,NA
2022-47,Jönköping,1.76063422,0.235,NA
2022-47,Kalmar,2.85082613,4.239,NA
2022-47,Örebro,0.7372937,0.314,NA
2022-47,Östersund,3.61640311,20.352,NA
2022-47,Östhammar,2.43107653,0.07,NA
2022-47,Tierp,1.21810947,0.458,NA
2022-47,Umeå,3.96608731,13.728,NA
2022-47,Uppsala,4.31577151,12.119,NA
2022-47,Västerås,1.25860599,0.643,NA
2022-48,Ekerö,4.08367441,110.8339,NA
2022-48,Gävle,8.63603042,7.726582,NA
2022-48,Helsingborg,4.5638011,113.0987,NA
2022-48,Jönköping,4.24006359,8.082389,NA
2022-48,Tierp,3.10606153,0,NA
2022-48,Umeå,4.76214274,193.9236,NA
2022-48,Uppsala,4.34891566,47.52679,NA
2022-48,Älvkarleby,6.36147227,31.1368,NA
2022-48,Östersund,7.54914251,64.16982,NA
2022-48,Östhammar,7.83384008,3.96878,NA
2022-48,Kalmar,10.5497601,4.86146,NA
2022-49,Gävle,12.0396462,16.87668,NA
2022-49,Jönköping,6.76852975,12.96488,NA
2022-49,Kalmar,11.648032,11.96944,NA
2022-49,Tierp,15.5379345,0,NA
2022-49,Umeå,7.98789911,170.39083,NA
2022-49,Uppsala,9.1251634,33.24378,NA
2022-49,Västerås,5.83095185,4.59766,NA
2022-49,Älvkarleby,13.9287637,6.25453,NA
2022-49,Örebro,5.32285557,0.07366,NA
2022-49,Östersund,12.3297877,21.72706,NA
2022-49,Östhammar,22.8293707,11.84567,NA
2022-50,Uppsala,10.2412494,41.918349,NA
2022-50,Tierp,7.82923544,13.9178255,NA
2022-50,Älvkarleby,13.0368633,60.6451678,NA
2022-50,Östhammar,26.9558035,178.8206,NA
2022-50,Ekerö,17.0743643,96.243076,NA
2022-50,Gävle,10.4819812,47.2459654,NA
2022-50,Örebro,5.57779742,3.65165807,NA
2022-50,Umeå,8.95882628,397.767114,NA
2022-50,Kalmar,4.87503189,27.7036211,NA
2022-50,Helsingborg,15.135147,65.508052,NA
2022-50,Jönköping,10.5610391,67.6834566,NA
2022-50,Västerås,6.12370286,12.7184295,NA
2022-50,Östersund,15.2456561,161.173732,NA
2022-51,Gävle,8.72474928,60.658,NA
2022-51,Helsingborg,18.5654026,73.313,NA
2022-51,Jönköping,14.9027177,101.444,NA
2022-51,Kalmar,7.29708641,25.321,NA
2022-51,Tierp,12.7030498,41.036,NA
2022-51,Umeå,10.4718847,254.019,NA
2022-51,Uppsala,14.668095,63.265,NA
2022-51,Västerås,9.76030304,30.275,NA
2022-51,Älvkarleby,10.7476467,55.04,NA
2022-51,Örebro,9.18949501,11.467,NA
2022-51,Östersund,25.4305261,81.269,NA
2022-51,Östhammar,61.6723363,456.205,NA
2022-52,Ekerö,16.400446,151.853,NA
2022-52,Gävle,12.3025843,120.308,NA
2022-52,Helsingborg,15.2826136,599.305224,NA
2022-52,Jönköping,10.5181664,141.081,NA
2022-52,Kalmar,11.0478351,126.732,NA
2022-52,Tierp,9.94735837,90.905,NA
2022-52,Umeå,19.6735929,404.692,NA
2022-52,Uppsala,16.2172475,90.267,NA
2022-52,Älvkarleby,19.222346,53.102,NA
2022-52,Örebro,15.1951925,76.215,NA
2022-52,Östersund,22.1972329,220.572,NA
2022-52,Östhammar,17.9065307,176.287,NA
2022-52,Västerås,11.2829269,101.278953,NA
2023-01,Gävle,6.97374552,82.2417619,NA
2023-01,Helsingborg,12.7436846,81.2903382,NA
2023-01,Jönköping,9.00778342,93.756175,NA
2023-01,Kalmar,13.3107209,77.7235975,NA
2023-01,Umeå,4.93163122,137.858707,NA
2023-01,Uppsala,10.4485044,55.9700579,NA
2023-01,Västerås,2.64297073,32.7636326,NA
2023-01,Älvkarleby,23.504558,129.719522,NA
2023-01,Örebro,4.23970033,18.8157327,NA
2023-01,Östersund,20.2631744,124.077689,NA
2023-01,Östhammar,20.3662231,206.695077,NA
2023-02,Uppsala,6.77313702,52.8902003,NA
2023-02,Östhammar,3.30449996,31.5702501,NA
2023-02,Östersund,6.95263287,78.7729584,NA
2023-02,Älvkarleby,11.154164,35.506149,NA
2023-02,Örebro,5.53168296,21.6340715,NA
2023-02,Umeå,4.41846044,24.916137,NA
2023-02,Gävle,5.8848244,52.3098544,NA
2023-02,Helsingborg,6.60317566,35.4659287,NA
2023-02,Västerås,2.10347388,16.3783436,NA
2023-02,Jönköping,11.3408095,76.0808369,NA
2023-02,Kalmar,8.79259424,30.7117624,NA
2023-03,Uppsala,4.01246468,76.4935958,NA
2023-03,Älvkarleby,11.6909626,109.905539,NA
2023-03,Östhammar,0.9230064,133.019064,NA
2023-03,Gävle,3.93248542,111.578412,NA
2023-03,Göteborg,1.78457641,48.8640642,NA
2023-03,Örebro,1.40636401,69.2632452,NA
2023-03,Umeå,1.51192947,35.0876005,NA
2023-03,Kalmar,3.92609037,57.6209266,NA
2023-03,Jönköping,1.90485193,43.5091915,NA
2023-03,Västerås,1.35791272,64.1338541,NA
2023-03,Östersund,2.90401536,63.3948539,NA
2023-03,Malmö,2.00411635,65.0249933,NA
2023-04,Uppsala,1.40809801,65.4045045,NA
2023-04,Stockholm-Käppala,1.18226679,54.5500042,NA
2023-04,Östhammar,1.01550132,30.518814,NA
2023-04,Göteborg,1.62330479,55.2304494,NA
2023-04,Kalmar,1.78546719,36.5935475,NA
2023-04,Helsingborg,2.02408859,31.564431,NA
2023-04,Gävle,2.28221503,69.9553097,NA
2023-04,Älvkarleby,3.04619771,65.8587659,NA
2023-04,Örebro,1.52134777,88.4128966,NA
2023-04,Umeå,1.40114003,26.3431885,NA
2023-04,Jönköping,3.76874374,102.55953,NA
2023-04,Västerås,1.07247803,161.852581,NA
2023-04,Östersund,1.70327262,60.1318085,NA
2023-04,Malmö,2.73211278,47.9684059,NA
2023-05,Uppsala,1.22985093,55.254516,NA
2023-05,Gävle,1.25357566,128.315128,NA
2023-05,Stockholm-Käppala,2.10857006,51.2725928,NA
2023-05,Östhammar,0.46927932,28.2937161,NA
2023-05,Kalmar,2.08006874,39.1478004,NA
2023-05,Östersund,1.07914438,52.5273834,NA
2023-05,Älvkarleby,3.09860362,64.7484632,NA
2023-05,Örebro,0.84485524,102.692367,NA
2023-05,Umeå,2.1190905,38.7263965,NA
2023-05,Helsingborg,2.61494849,67.8321244,NA
2023-05,Västerås,2.03026225,80.5577977,NA
2023-05,Malmö,2.17226235,36.884183,NA
2023-05,Jönköping,1.98780958,87.432623,NA
2023-05,Göteborg,1.85158856,34.439059,NA
2023-06,Uppsala,4.32043921,120.150261,NA
2023-06,Gävle,0.85689335,131.375251,NA
2023-06,Östhammar,5.37442351,49.84333,NA
2023-06,Malmö,5.86763276,90.403412,NA
2023-06,Stockholm-Käppala,2.08650075,72.41932,NA
2023-06,Älvkarleby,5.14575839,123.55246,NA
2023-06,Örebro,1.87143937,59.827655,NA
2023-06,Umeå,3.12273009,41.276113,NA
2023-06,Kalmar,3.37901318,45.048575,NA
2023-06,Helsingborg,3.99891347,68.638633,NA
2023-06,Jönköping,1.78837826,405.107669,NA
2023-06,Västerås,2.32890498,77.829811,NA
2023-06,Östersund,2.30462494,84.991481,NA
2023-06,Göteborg,2.38169399,23.692381,NA
2023-07,Uppsala,3.32453396,177.542995,NA
2023-07,Gävle,1.07884416,305.865613,NA
2023-07,Stockholm-Käppala,2.69443687,127.288416,NA
2023-07,Älvkarleby,1.89467363,287.211185,NA
2023-07,Östhammar,4.58877981,1.53885897,NA
2023-07,Malmö,4.13968472,71.7972995,NA
2023-07,Örebro,1.53506741,115.321269,NA
2023-07,Umeå,3.33239048,41.0256808,NA
2023-07,Kalmar,2.38715181,36.9585762,NA
2023-07,Helsingborg,3.0796994,75.4481714,NA
2023-07,Jönköping,2.98283883,203.400662,NA
2023-07,Västerås,2.25791263,37.6472453,NA
2023-07,Östersund,3.06569894,193.664571,NA
2023-07,Göteborg,3.25501685,56.2970199,NA
2023-08,Uppsala,2.32092234,43.4144423,NA
2023-08,Östersund,1.39035218,63.8250823,NA
2023-08,Göteborg,2.14188398,57.6117626,NA
2023-08,Gävle,1.06517018,96.6162834,NA
2023-08,Stockholm-Käppala,2.74562319,68.2734042,NA
2023-08,Älvkarleby,3.64909741,180.109359,NA
2023-08,Östhammar,0.42689778,29.7800926,NA
2023-08,Malmö,1.37166876,23.8009641,NA
2023-08,Örebro,0.73446772,49.7984417,NA
2023-08,Umeå,3.59350825,20.7943484,NA
2023-08,Kalmar,1.87963882,21.8839395,NA
2023-08,Helsingborg,1.51439042,29.7091354,NA
2023-08,Jönköping,1.23919344,42.4001963,NA
2023-08,Västerås,1.21777697,69.0917743,NA
2023-09,Gävle,2.42047331,55.5058348,NA
2023-09,Göteborg,1.59029008,40.9973249,NA
2023-09,Helsingborg,2.05649879,28.7324235,NA
2023-09,Jönköping,1.47969429,34.8868482,NA
2023-09,Kalmar,1.97124965,19.5421534,NA
2023-09,Malmö,2.42583008,19.6530456,NA
2023-09,Stockholm-Käppala,1.61603127,26.9228801,NA
2023-09,Umeå,1.69454899,23.5155831,NA
2023-09,Uppsala,3.50997753,31.0657686,NA
2023-09,Västerås,0.7993717,36.1128539,NA
2023-09,Älvkarleby,1.08135946,150.340145,NA
2023-09,Örebro,0.81660313,18.6954604,NA
2023-09,Östersund,2.0831957,54.3608076,NA
2023-09,Östhammar,2.16267338,5.09322979,NA
2023-10,Uppsala,3.26829732,30.7899789,NA
2023-10,Gävle,1.4465155,43.3830458,NA
2023-10,Stockholm-Käppala,2.24479279,24.9559935,NA
2023-10,Älvkarleby,1.80215445,37.9060403,NA
2023-10,Östhammar,1.59300119,17.2685419,NA
2023-10,Malmö,3.5593276,21.1214816,NA
2023-10,Örebro,1.57408275,32.5837451,NA
2023-10,Umeå,3.9947523,18.572091,NA
2023-10,Kalmar,2.45965953,37.1557947,NA
2023-10,Helsingborg,3.98603006,39.7290864,NA
2023-10,Västerås,1.34830484,41.5013885,NA
2023-10,Östersund,2.06515572,43.8813868,NA
2023-10,Göteborg,2.39169943,26.8902477,NA
2023-10,Jönköping,4.85798104,33.3540341,NA
2023-11,Gävle,5.87927771,46.5101181,NA
2023-11,Göteborg,1.36121013,16.7583333,NA
2023-11,Helsingborg,4.09169663,48.969963,NA
2023-11,Jönköping,3.2164243,37.6014847,NA
2023-11,Kalmar,3.0421779,18.2748144,NA
2023-11,Malmö,4.26999379,50.5653159,NA
2023-11,Stockholm-Käppala,2.87923337,26.271569,NA
2023-11,Umeå,3.85044757,30.0109496,NA
2023-11,Uppsala,6.97118055,42.4474906,NA
2023-11,Västerås,2.23296474,73.6307849,NA
2023-11,Älvkarleby,4.83178238,123.042639,NA
2023-11,Örebro,2.90187603,72.8188092,NA
2023-11,Östersund,3.5470456,60.7648746,NA
2023-11,Östhammar,1.18998375,18.2494755,NA
2023-12,Uppsala,4.84594488,66.4521753,145.790688
2023-12,Gävle,2.54498984,84.4627608,140.310351
2023-12,Stockholm-Käppala,3.4118096,72.733528,123.597378
2023-12,Älvkarleby,5.9704409,134.532207,544.787448
2023-12,Malmö,4.10187177,48.3217899,106.064976
2023-12,Örebro,2.14227427,63.5541978,91.5605088
2023-12,Umeå,3.51673701,19.8180396,38.6477821
2023-12,Kalmar,7.84298622,51.7326496,183.72932
2023-12,Helsingborg,3.97067166,61.3328916,155.537026
2023-12,Jönköping,6.90576502,53.2101913,130.209053
2023-12,Västerås,5.40385549,61.3900167,76.3876271
2023-12,Östersund,3.98331088,42.9454295,220.067039
2023-12,Göteborg,4.92877618,62.2583853,137.401139
2023-12,Östhammar,5.01599147,70.9461032,103.339256
2023-13,Gävle,8.11911535,82.7335862,185.537516
2023-13,Göteborg,3.81523162,63.0340154,179.330702
2023-13,Jönköping,5.24282096,36.0712948,121.013049
2023-13,Kalmar,8.10084833,35.7068727,126.303932
2023-13,Malmö,2.83277439,27.8934515,65.6748347
2023-13,Stockholm-Käppala,5.39982029,51.8740967,133.835171
2023-13,Umeå,3.036944,21.7374198,61.5900373
2023-13,Uppsala,3.05011546,46.4283959,151.021416
2023-13,Västerås,1.74759139,105.054726,58.5924357
2023-13,Älvkarleby,6.27794866,173.948652,168.644364
2023-13,Örebro,2.68015357,96.746602,211.59615
2023-13,Östersund,3.08420254,34.7769473,310.356874
2023-13,Östhammar,1.99451343,30.3182326,733.717149
2023-14,Uppsala,4.68370599,73.4143485,115.473288
2023-14,Gävle,7.71854363,69.8986267,125.846445
2023-14,Stockholm-Käppala,5.25806508,33.0487768,133.074237
2023-14,Älvkarleby,5.12093776,82.1916762,134.949723
2023-14,Östhammar,2.10933293,264.371323,275.011747
2023-14,Malmö,4.73604888,21.4281382,54.8428926
2023-14,Örebro,3.33990494,75.7357469,112.01967
2023-14,Umeå,8.75926198,26.2284972,67.609111
2023-14,Kalmar,13.7976982,35.9336087,143.658699
2023-14,Helsingborg,3.77525541,56.203095,210.783802
2023-14,Jönköping,8.13341518,42.537229,180.957052
2023-14,Västerås,5.35686736,56.7759978,92.2892172
2023-14,Östersund,7.92166406,49.829804,395.987797
2023-14,Göteborg,6.15591344,51.5536966,175.256962
2023-15,Uppsala,6.62742343,64.4621187,NA
2023-15,Gävle,8.77512892,60.2376961,NA
2023-15,Stockholm-Käppala,8.0269534,43.645396,NA
2023-15,Östhammar,7.15170136,NA,NA
2023-15,Malmö,5.63421842,22.4414987,NA
2023-15,Örebro,7.2705628,83.1536163,NA
2023-15,Umeå,13.4049357,126.087439,NA
2023-15,Kalmar,17.0491239,64.6687498,NA
2023-15,Jönköping,6.41541559,115.425375,NA
2023-15,Västerås,5.17229997,60.2958209,NA
2023-15,Östersund,7.58338766,158.026211,NA
2023-15,Göteborg,11.4297141,102.767015,NA
2023-15,Helsingborg,2.81390535,55.888923,105.871659
2023-16,Uppsala,4.32163738,43.5934235,87.7976961
2023-16,Gävle,6.59990884,36.4349595,61.1435809
2023-16,Stockholm-Käppala,3.67722582,14.9051191,54.6379044
2023-16,Östhammar,4.17929748,NA,309.817266
2023-16,Malmö,3.45550639,11.944993,34.5749908
2023-16,Örebro,3.61858036,35.2187333,53.3291164
2023-16,Umeå,8.2906288,11.8382622,79.7484232
2023-16,Kalmar,12.2713602,19.1778921,58.016199
2023-16,Helsingborg,2.84215912,33.7661272,58.1307727
2023-16,Jönköping,4.82322067,14.7953157,53.767528
2023-16,Västerås,2.05379742,7.60598531,21.4174667
2023-16,Östersund,4.76322036,NA,266.322915
2023-16,Göteborg,3.49228139,30.1072176,75.0686799
2023-17,Uppsala,4.52694839,26.9664108,87.575937
2023-17,Gävle,10.5342694,13.0304831,21.6287938
2023-17,Stockholm-Käppala,4.52169854,11.350701,49.6105409
2023-17,Östhammar,15.0758369,7.64195068,85.5695761
2023-17,Malmö,2.45949585,4.1321411,16.1908944
2023-17,Örebro,1.60492699,5.07748626,43.5510154
2023-17,Umeå,12.9814229,1.1932372,91.5095646
2023-17,Kalmar,6.26197785,5.93972745,34.4308264
2023-17,Jönköping,4.19824303,49.1517512,148.221717
2023-17,Västerås,2.73104052,7.01876952,10.8457639
2023-17,Östersund,7.92514463,6.03956833,129.316692
2023-17,Göteborg,3.96299985,17.9956987,70.3094452
2023-19,Uppsala,3.58095984,0,181.1819
2023-19,Gävle,3.93686012,0,0
2023-19,Stockholm-Käppala,4.76733209,0,111.61985
2023-19,Östhammar,13.1877869,0,490.035824
2023-19,Malmö,2.98686164,12.5996437,29.1541033
2023-19,Umeå,8.15831568,0,111.402911
2023-19,Kalmar,6.58233359,9.57232062,57.7225889
2023-19,Helsingborg,3.17138789,12.4546521,108.359423
2023-19,Jönköping,3.74275899,1.68916792,86.188554
2023-19,Östersund,5.73681339,40.4678091,70.1382641
2023-19,Göteborg,5.88784318,0,0
2023-19,Örebro,3.50700973,0,0
2023-19,Västerås,5.33491169,0,119.05381
2023-20,Uppsala,4.90437863,23.3562158,52.860661
2023-20,Gävle,3.51104682,0,1.84092712
2023-20,Stockholm-Käppala,3.28163797,13.5571218,42.2368092
2023-20,Östhammar,3.89164291,0,66.4771854
2023-20,Malmö,2.60028792,16.8875535,20.3992
2023-20,Örebro,1.64714804,0,0
2023-20,Umeå,4.51315102,20.321556,41.4765737
2023-20,Kalmar,4.08782123,16.9915994,26.7122736
2023-20,Helsingborg,2.89406322,2.48733231,21.9629249
2023-20,Jönköping,2.21987587,8.16129642,22.5473254
2023-20,Västerås,2.52604534,0,6.36426601
2023-20,Östersund,5.1032915,0,54.3132482
2023-20,Göteborg,1.47977125,4.82921211,9.89122323
2023-21,Uppsala,3.83716615,0,36.9109407
2023-21,Gävle,2.49185244,0,0
2023-21,Stockholm-Käppala,2.92745147,40.1640068,60.2463157
2023-21,Östhammar,3.60924045,9.12817316,26.9046272
2023-21,Malmö,3.28592237,0,19.7003064
2023-21,Örebro,1.13105147,0,5.80384844
2023-21,Umeå,12.3593775,2.55896032,30.7072167
2023-21,Kalmar,2.77797508,12.6398633,30.5628764
2023-21,Helsingborg,2.43399632,3.83487783,5.61630617
2023-21,Jönköping,3.06765723,14.4364947,37.5692184
2023-21,Västerås,2.6564896,0,9.01308062
2023-21,Östersund,3.31540252,0,31.2956922
2023-21,Göteborg,2.38476302,26.5637006,33.4234927
2023-21,Luleå,3.26832225,0,23.3342556
2023-21,Karlstad,3.98396591,42.8519502,60.1186604
2023-22,Uppsala,5.57283477,9.24533,23.28726
2023-22,Gävle,2.21123831,0,0
2023-22,Stockholm-Käppala,3.37303834,0,44.70123
2023-22,Malmö,2.53347487,18.18335,6.615
2023-22,Örebro,1.47555161,0,2.292099
2023-22,Umeå,3.76868287,0,74.13274
2023-22,Kalmar,6.44473118,0,6.512363
2023-22,Helsingborg,3.73866402,0,11.52634
2023-22,Jönköping,3.29018118,3.911008,5.351202
2023-22,Västerås,2.09199857,0,0
2023-22,Göteborg,3.36073452,17.5541018,44.0256279
2023-22,Stockholm-Grödinge,5.3139142,0,131.4839
2023-22,Linköping,2.63388051,26.32704,11.7795
2023-22,Luleå,7.78403224,0,0
2023-22,Östersund,14.08935,0,11.68923
2023-22,Östhammar,23.8048803,0,143.6247
2023-23,Stockholm-Käppala,3.18733289,5.130256,36.45586
2023-23,Malmö,3.40453563,4.682634,3.626296
2023-23,Umeå,7.02646684,17.10402,11.28356
2023-23,Kalmar,1.61754653,2.550872,0
2023-23,Helsingborg,1.00007109,0,0
2023-23,Västerås,1.87273886,0,1.52955
2023-23,Göteborg,1.46938071,22.94369,32.05634
2023-23,Linköping,2.47967235,12.85977,9.742625
2023-23,Karlstad,3.62315253,0,60.75952
2023-23,Stockholm-Grödinge,3.58401987,0,0
2023-23,Uppsala,4.8538408,19.72141,26.30522
2023-23,Gävle,5.25409448,0,0
2023-23,Luleå,2.06499244,0,0
2023-24,Gävle,2.95264159,0,0
2023-24,Stockholm-Käppala,2.322978,3.365469,0
2023-24,Östhammar,1.3676307,0,0
2023-24,Malmö,2.16306031,0,0
2023-24,Örebro,1.6113079,0,0
2023-24,Umeå,4.6133614,15.06894,309.2479
2023-24,Kalmar,1.0310353,0,0
2023-24,Helsingborg,2.34712325,0,0
2023-24,Jönköping,4.53766379,0,48.69316
2023-24,Västerås,1.46572249,0,0
2023-24,Östersund,11.8484807,0,0
2023-24,Göteborg,1.77907892,0,0
2023-24,Stockholm-Grödinge,2.55745195,0,0
2023-24,Linköping,3.26298006,26.54585,0
2023-24,Karlstad,1.68121112,60.45267,0
2023-24,Luleå,5.03212799,13.2533,0
2023-24,Uppsala,4.16923704,35.18843,0
2023-25,Uppsala,2.7004105,0,0
2023-25,Gävle,3.29930897,0,0
2023-25,Stockholm-Käppala,2.11224682,0,0
2023-25,Östhammar,0.67442768,0,0
2023-25,Malmö,3.3316419,0,0
2023-25,Örebro,2.41442797,10.50963,329.3142
2023-25,Umeå,6.89147846,0,0
2023-25,Linköping,3.98530709,0,0
2023-25,Karlstad,3.62591658,0,0
2023-25,Luleå,7.05217891,0,0
2023-25,Stockholm-Bromma,3.44953176,0,0
2023-25,Stockholm-Grödinge,0.91388967,NA,NA
2023-25,Göteborg,2.0027457,NA,NA
2023-26,Malmö,3.35947171,0,0
2023-26,Umeå,10.9358916,0,44.4230475
2023-26,Helsingborg,3.04526065,0,0
2023-26,Jönköping,2.86012389,0,0
2023-26,Göteborg,3.19292578,0,0
2023-26,Karlstad,2.7081476,0,0
2023-27,Uppsala,2.29717436,1.59913526,0
2023-27,Gävle,4.41269229,0.02329646,0.02299631
2023-27,Stockholm-Käppala,2.37013858,0,0
2023-27,Östhammar,0.63376038,0,0
2023-27,Malmö,2.02132533,0,0
2023-27,Örebro,1.53808876,0,0
2023-27,Umeå,1.79775195,0,0
2023-27,Kalmar,2.02201016,0,0
2023-27,Helsingborg,0.81002284,0,0
2023-27,Jönköping,3.54662994,0,0
2023-27,Västerås,0.95847407,0,0
2023-27,Östersund,1.78498943,0,0
2023-27,Göteborg,1.80166793,0,0
2023-27,Stockholm-Grödinge,0.57386134,0,0
2023-27,Linköping,1.26414917,1.86585919,0
2023-27,Karlstad,1.10829316,3.23096195,0
2023-27,Luleå,0.27037294,0,0
2023-27,Stockholm-Henriksdal,2.17016692,0,0
2023-27,Stockholm-Bromma,3.88957869,0,0
2023-28,Uppsala,2.53207533,0,0
2023-28,Gävle,0.69872765,0,0
2023-28,Stockholm-Käppala,2.3094716,0,0
2023-28,Östhammar,2.88326781,0,0
2023-28,Malmö,1.52631324,10.9359199,0
2023-28,Örebro,1.04404205,0,0
2023-28,Umeå,2.18352105,47.1841259,0
2023-28,Kalmar,1.07315287,0,0
2023-28,Helsingborg,3.06361994,0,0
2023-28,Jönköping,1.40070927,0,0
2023-28,Västerås,0.92258044,0,0
2023-28,Östersund,2.38620511,0,0
2023-28,Göteborg,1.3176885,0,0
2023-28,Stockholm-Grödinge,1.78357538,0,0
2023-28,Linköping,3.94661403,0,0
2023-28,Karlstad,0.93143474,0,0
2023-28,Luleå,1.46433189,0,0
2023-28,Stockholm-Henriksdal,1.85593265,0,0
2023-28,Stockholm-Bromma,1.54143424,0,0
2023-29,Uppsala,5.47368619,0.50245874,0
2023-29,Gävle,0.75279974,0,0
2023-29,Stockholm-Käppala,3.10652248,6.13324758,0
2023-29,Östhammar,7.20286801,0,0
2023-29,Malmö,1.84947484,2.82298957,0
2023-29,Örebro,1.58265215,0,0
2023-29,Umeå,4.01574736,9.17361912,0
2023-29,Kalmar,2.97973152,0,0
2023-29,Helsingborg,8.63990646,0,0
2023-29,Jönköping,5.31402894,0,0
2023-29,Västerås,1.44890188,8.44269179,0
2023-29,Östersund,6.74423986,0,0
2023-29,Göteborg,2.35231643,0,0
2023-29,Stockholm-Grödinge,4.49801327,0,0
2023-29,Linköping,5.22566884,0,0
2023-29,Karlstad,3.86906022,0,0
2023-29,Luleå,3.79332282,0,0
2023-29,Stockholm-Henriksdal,1.74457627,0,0
2023-29,Stockholm-Bromma,2.69171769,0,57.6678374
2023-30,Uppsala,5.4456814,0,0
2023-30,Gävle,3.54824284,0,0
2023-30,Stockholm-Käppala,3.67791345,0,0
2023-30,Östhammar,47.1526845,0,0
2023-30,Malmö,3.95296432,0,0
2023-30,Örebro,1.22770201,0,0
2023-30,Umeå,1.73229086,0,0
2023-30,Kalmar,2.1978237,23.4396905,0
2023-30,Helsingborg,3.45158496,0,0
2023-30,Västerås,2.29481856,0,0
2023-30,Östersund,1.79130892,0.4285343,0
2023-30,Göteborg,1.85928322,0,0
2023-30,Stockholm-Grödinge,2.48447152,0,0
2023-30,Linköping,2.58023767,1.57709855,0
2023-30,Karlstad,5.03523445,0,0
2023-30,Luleå,3.18532118,0,0
2023-30,Stockholm-Henriksdal,2.13307586,0,0
2023-30,Stockholm-Bromma,1.59098298,0,0
2023-31,Uppsala,6.99707221,0,0
2023-31,Gävle,5.2827077,0,0
2023-31,Stockholm-Käppala,5.45993863,0,0
2023-31,Östhammar,5.59457485,0,0
2023-31,Malmö,5.39999178,0,0
2023-31,Örebro,4.71665423,0,0
2023-31,Umeå,4.24630563,0,0
2023-31,Kalmar,9.09504062,0,0
2023-31,Helsingborg,4.90953238,0,0
2023-31,Jönköping,16.6453154,0,0
2023-31,Västerås,3.42610269,0,0
2023-31,Stockholm-Grödinge,3.66854056,17.2839293,0
2023-31,Linköping,3.00127796,20.1415478,0
2023-31,Karlstad,6.04994409,0,0
2023-31,Luleå,7.00783756,0,0
2023-31,Stockholm-Henriksdal,3.47069061,0,0
2023-31,Stockholm-Bromma,4.85682584,0,0
2023-31,Göteborg,3.36645056,15.9389,0
2023-32,Uppsala,4.64234923,NA,NA
2023-32,Gävle,7.32386593,NA,NA
2023-32,Stockholm-Käppala,3.5098442,NA,NA
2023-32,Östhammar,9.40433932,NA,NA
2023-32,Malmö,9.59994806,NA,NA
2023-32,Örebro,6.57317306,NA,NA
2023-32,Umeå,3.87149294,NA,NA
2023-32,Kalmar,2.18519268,NA,NA
2023-32,Helsingborg,5.86440326,NA,NA
2023-32,Jönköping,5.79969487,NA,NA
2023-32,Västerås,4.64284261,NA,NA
2023-32,Östersund,2.50334879,NA,NA
2023-32,Göteborg,4.9523399,NA,NA
2023-32,Stockholm-Grödinge,7.1178288,NA,NA
2023-32,Linköping,3.15134475,NA,NA
2023-32,Karlstad,5.21808521,NA,NA
2023-32,Luleå,3.25275911,NA,NA
2023-32,Stockholm-Henriksdal,2.91221436,NA,NA
2023-32,Stockholm-Bromma,2.43373374,NA,NA
2023-33,Uppsala,6.20078831,NA,NA
2023-33,Umeå,2.79498571,NA,NA
2023-33,Stockholm-Bromma,3.78196981,NA,NA
2023-33,Linköping,3.4171665,NA,NA
2023-33,Jönköping,5.85861726,NA,NA
2023-33,Stockholm-Henriksdal,1.7696822,NA,NA
2023-33,Stockholm-Käppala,2.87889678,NA,NA
2023-33,Stockholm-Grödinge,2.69160888,NA,NA
2023-33,Östersund,13.0094606,NA,NA
2023-34,Uppsala,4.63596968,NA,NA
2023-34,Gävle,8.72459405,NA,NA
2023-34,Stockholm-Käppala,13.9766808,NA,NA
2023-34,Östhammar,10.187051,NA,NA
2023-34,Malmö,5.5344648,NA,NA
2023-34,Örebro,6.74283474,NA,NA
2023-34,Umeå,3.00285617,NA,NA
2023-34,Kalmar,12.0003011,NA,NA
2023-34,Helsingborg,13.6047358,NA,NA
2023-34,Jönköping,10.112157,NA,NA
2023-34,Västerås,5.11692054,NA,NA
2023-34,Östersund,17.9099299,NA,NA
2023-34,Göteborg,4.49776971,NA,NA
2023-34,Stockholm-Grödinge,7.63216777,NA,NA
2023-34,Linköping,4.49375411,NA,NA
2023-34,Karlstad,4.05875164,NA,NA
2023-34,Luleå,2.16611567,NA,NA
2023-34,Stockholm-Henriksdal,2.81824204,NA,NA
2023-34,Stockholm-Bromma,8.51325668,NA,NA
2023-35,Uppsala,10.8812086,NA,NA
2023-35,Stockholm-Käppala,8.43198369,NA,NA
2023-35,Östhammar,28.3387463,NA,NA
2023-35,Malmö,9.06835626,NA,NA
2023-35,Örebro,12.3096777,NA,NA
2023-35,Umeå,2.48817321,NA,NA
2023-35,Kalmar,4.31279107,NA,NA
2023-35,Helsingborg,10.4760916,NA,NA
2023-35,Jönköping,9.17367455,NA,NA
2023-35,Västerås,4.69582728,NA,NA
2023-35,Östersund,15.5925195,NA,NA
2023-35,Göteborg,6.1222816,NA,NA
2023-35,Stockholm-Grödinge,5.48081505,NA,NA
2023-35,Linköping,7.46006773,NA,NA
2023-35,Karlstad,5.14629261,NA,NA
2023-35,Luleå,1.54025121,NA,NA
2023-35,Stockholm-Henriksdal,3.92976347,NA,NA
2023-35,Stockholm-Bromma,5.15714634,NA,NA
2023-36,Uppsala,9.530676559,NA,0
2023-36,Gävle,7.897046628,0,0
2023-36,Stockholm-Käppala,7.850591637,0,NA
2023-36,Östhammar,8.987400952,0,0
2023-36,Malmö,4.80989411,NA,0
2023-36,Örebro,2.603084116,0,0
2023-36,Umeå,4.194786396,NA,0
2023-36,Kalmar,4.839362779,NA,0
2023-36,Helsingborg,7.238348167,0,0
2023-36,Jönköping,5.85999951,NA,0
2023-36,Västerås,4.729806685,0,0
2023-36,Östersund,,NA,0
2023-36,Göteborg,3.72081778,NA,0
2023-36,Stockholm-Grödinge,4.06128604,0,0
2023-36,Linköping,6.272421158,0,0
2023-36,Karlstad,8.920820132,NA,0
2023-36,Luleå,5.59411675,0,0
2023-36,Stockholm-Henriksdal,3.234516875,NA,NA
2023-36,Stockholm-Bromma,5.561793315,0,0
2023-37,Uppsala,4.737408364,NA,NA
2023-37,Gävle,6.88490848,NA,NA
2023-37,Stockholm-Käppala,2.711401224,NA,NA
2023-37,Östhammar,6.543657648,NA,NA
2023-37,Malmö,2.143134318,0.039264,NA
2023-37,Örebro,1.452242019,NA,NA
2023-37,Umeå,3.79661193,NA,NA
2023-37,Kalmar,4.057877433,NA,NA
2023-37,Helsingborg,5.196636165,NA,NA
2023-37,Jönköping,3.909450531,NA,NA
2023-37,Västerås,4.233751379,NA,NA
2023-37,Östersund,7.203955904,NA,NA
2023-37,Göteborg,2.973623916,NA,NA
2023-37,Stockholm-Grödinge,3.212441067,NA,NA
2023-37,Linköping,3.932929889,NA,NA
2023-37,Karlstad,7.110476559,NA,NA
2023-37,Luleå,5.189565876,NA,NA
2023-37,Stockholm-Henriksdal,4.168503505,NA,NA
2023-37,Stockholm-Bromma,2.381481365,NA,NA
2023-38,Uppsala,4.085071477,NA,NA
2023-38,Gävle,4.160942117,NA,NA
2023-38,Stockholm-Käppala,3.147641344,NA,NA
2023-38,Malmö,3.248774483,0.084437,NA
2023-38,Örebro,3.322098586,NA,NA
2023-38,Umeå,2.754076764,NA,NA
2023-38,Kalmar,2.637366133,0.071534,NA
2023-38,Helsingborg,3.320422254,NA,NA
2023-38,Jönköping,5.80086017,NA,NA
2023-38,Västerås,2.492700062,NA,NA
2023-38,Göteborg,2.547006181,0.086175,NA
2023-38,Stockholm-Grödinge,2.468573429,NA,NA
2023-38,Linköping,2.91857635,NA,NA
2023-38,Karlstad,2.578795754,NA,NA
2023-38,Luleå,2.523315599,NA,NA
2023-38,Stockholm-Bromma,1.845066944,NA,NA
2023-39,Uppsala,3.10355401,NA,0
2023-39,Gävle,4.299946295,0,0
2023-39,Stockholm-Käppala,2.40031591,0,NA
2023-39,Östhammar,6.713633393,0,0
2023-39,Malmö,1.502188915,NA,0
2023-39,Örebro,2.718121411,0,0
2023-39,Umeå,3.089205439,NA,0
2023-39,Kalmar,2.759305975,NA,0
2023-39,Helsingborg,3.066077105,0.003137,0
2023-39,Jönköping,3.632249384,NA,0
2023-39,Östersund,4.69447847,0.035177,0
2023-39,Göteborg,2.718574467,NA,0
2023-39,Stockholm-Grödinge,2.119823273,0,0
2023-39,Linköping,1.93197251,0,0
2023-39,Karlstad,2.530390172,NA,0
2023-39,Luleå,NA,0,0
2023-39,Stockholm-Henriksdal,1.968343449,NA,NA
2023-39,Stockholm-Bromma,3.431544827,0,0
2023-40,Uppsala,2.349900444,0,0
2023-40,Gävle,5.053403759,0,0
2023-40,Stockholm-Käppala,3.368015872,0.013136,0.203623
2023-40,Östhammar,17.16850932,0,0
2023-40,Malmö,1.738926448,0.164578,0
2023-40,Örebro,2.302185835,0,0
2023-40,Umeå,3.866931427,0,0
2023-40,Kalmar,1.589652632,0.051566,0
2023-40,Jönköping,1.926462157,0,0
2023-40,Västerås,0.358074177,0,0
2023-40,Östersund,3.59433018,0.14753,0
2023-40,Göteborg,1.555606476,0.041804,0
2023-40,Stockholm-Grödinge,1.807904867,0.038635,0
2023-40,Linköping,2.845579859,0.090105,0
2023-40,Karlstad,4.485266371,0,0
2023-40,Luleå,2.816367159,0,0
2023-40,Stockholm-Henriksdal,1.869301349,0.029529,0
2023-40,Stockholm-Bromma,1.74216233,0,0
2023-41,Uppsala,2.993517429,0.009503,0
2023-41,Gävle,3.951330549,0,0.136244
2023-41,Stockholm-Käppala,3.102317067,0.02137,0
2023-41,Östhammar,7.633009797,0,0
2023-41,Malmö,2.606674481,0.007375,0
2023-41,Umeå,4.276730909,0.018482,0
2023-41,Helsingborg,2.524747267,0.007642,0
2023-41,Jönköping,10.15179629,0.127184,0.256588
2023-41,Västerås,2.245778505,0.008418,0
2023-41,Göteborg,2.251828761,0.020286,0.060569
2023-41,Stockholm-Grödinge,2.696681746,0.015758,0
2023-41,Karlstad,3.413738182,0,0
2023-41,Luleå,2.974127476,0,0
2023-41,Stockholm-Henriksdal,2.879642705,0.009647,0
2023-43,Gävle,12.9725329,0,0
2023-43,Göteborg,8.31756052,0,0
2023-43,Helsingborg,11.5909751,0,0
2023-43,Jönköping,4.15446802,0,0
2023-43,Kalmar,7.13039178,0.160068,0
2023-43,Karlstad,9.42460759,0,0
2023-43,Linköping,13.0444964,0.03111685,0
2023-43,Luleå,7.44375115,0,0
2023-43,Malmö,4.45235875,0.04791055,0
2023-43,Örebro,5.72083062,0,0
2023-43,Östhammar,9.2951831,0,0
2023-43,Östersund,26.9093863,0.44834646,0
2023-43,Stockholm-Bromma,20.9949043,0,0
2023-43,Stockholm-Grödinge,4.40609615,0,0
2023-43,Stockholm-Henriksdal,4.10112336,0.03158795,0
2023-43,Umeå,18.6778965,0.12174303,0
2023-43,Uppsala,7.57932592,0.03493832,0
2023-43,Västerås,5.51800036,0,0
2023-44,Stockholm-Käppala,5.618215112,0.014206056,0.01881064
2023-44,Stockholm-Bromma,18.73700567,0.320685652,0
2023-44,Göteborg,11.87694239,0,0
2023-44,Stockholm-Grödinge,9.973869465,0.100269955,0.188145704
2023-44,Helsingborg,9.925874705,0.097161076,0.038217179
2023-44,Stockholm-Henriksdal,7.597488122,0.082750137,0
2023-44,Kalmar,10.56663334,0.235218487,0
2023-44,Stockholm-Käppala,12.75380132,0.148447467,0.920464557
2023-44,Karlstad,35.560961,0.119022591,0
2023-44,Linköping,NA,0.970226117,0.072406783
2023-44,Luleå,NA,0.265235136,0.046126074
2023-44,Umeå,18.62448028,0.067654965,0
2023-44,Uppsala,12.25909412,0.11623206,0.037348876
2023-44,Västerås,5.553082423,0.237547357,0
2023-44,Örebro,11.71802366,0.065294361,0
2023-44,Östhammar,111.8788643,0,0
2023-44,Gävle,15.55197486,0.080812879,0.03721346
2023-44,Jönköping,6.608646071,0.032039538,0
2023-44,Malmö,NA,NA,0
2023-44,Östersund,50.37323425,0.437246721,0