Checklist	ERC000033	ENA virus pathogen reporting standard checklist																												
tax_id	scientific_name	sample_alias	sample_title	sample_description	collection date	geographic location (country and/or sea)	geographic location (latitude)	geographic location (longitude)	geographic location (region and locality)	sample capture status	host disease outcome	host common name	host subject id	host age	host health state	host sex	host scientific name	virus identifier	collector name	collecting institution	receipt date	definition for seropositive sample	serotype (required for a seropositive sample)	isolate	host habitat	isolation source host-associated	host behaviour	isolation source non-host-associated	GISAID Accesion ID	max_cycle_threshold
#units	 	 	 	 	 	 	DD	DD	 	 	 	 	 	years	 	 	 	 	 	 	 	 	 	 	 	 	 	 		
2697049	Severe acute respiratory syndrome coronavirus 2	SARS Sample 1	SARS Sample 1	SARS-CoV-2 Sample #1	2020-09-20	Switzerland	46.8182	8.2275	Bern	active surveillance in response to outbreak	recovered	Homo Sapiens	1	30	not collected	female	homo sapiens	SS1	Michael C	"Institute for Infectious Diseases, University of Bern"	2020-09-22	80		hCoV-19/isolate/1	other	Nasopharyngeal exudate	domestic		EPI_ISL_1234	1150
2697049	Severe acute respiratory syndrome coronavirus 2	SARS Sample 2	SARS Sample 2	SARS-CoV-2 Sample #2	2020-09-20	Switzerland	46.8182	8.2275	Bern	active surveillance in response to outbreak	recovered	Homo Sapiens	2	25	diseased	male	homo sapiens	SS1	Michael C	"Institute for Infectious Diseases, University of Bern"	2020-09-22	80		hCoV-19/isolate/2	other	Nasopharyngeal exudate	domestic		EPI_ISL_1235	1150
2697049	Severe acute respiratory syndrome coronavirus 2	SARS Sample 3	SARS Sample 3	SARS-CoV-2 Sample #3	2020-09-20	Switzerland	46.8182	8.2275	Bern	active surveillance in response to outbreak	recovered	Homo Sapiens	3	40	diseased	female	homo sapiens	SS1	Michael C	"Institute for Infectious Diseases, University of Bern"	2020-09-22	80		hCoV-19/isolate/3	other	Nasopharyngeal exudate	domestic		EPI_ISL_1236	1150
																														
