<?xml version="1.0" encoding="UTF-8"?>
<EXPERIMENT_SET>
  <EXPERIMENT alias="SARS-CoV-2 experiment 1">
    <TITLE>SARS-CoV-2 experiment 1</TITLE>
    <STUDY_REF accession="PRJEB####" />
    <DESIGN>
      <DESIGN_DESCRIPTION>Amplicons were cleaned-up with AMPure XP beads (Beckman Coulter) with a 1:1 ratio and amplicon concentrations were quantified with the Qubit Fluorometric Quantitation system (Life Technologies)</DESIGN_DESCRIPTION>
      <SAMPLE_DESCRIPTOR accession="SAME######" />
      <LIBRARY_DESCRIPTOR>
        <LIBRARY_STRATEGY>AMPLICON</LIBRARY_STRATEGY>
        <LIBRARY_SOURCE>VIRAL RNA</LIBRARY_SOURCE>
        <LIBRARY_SELECTION>RT-PCR</LIBRARY_SELECTION>
        <LIBRARY_LAYOUT>
          <PAIRED NOMINAL_LENGTH="100" />
        </LIBRARY_LAYOUT>
      </LIBRARY_DESCRIPTOR>
    </DESIGN>
    <PLATFORM>
      <ILLUMINA>
        <INSTRUMENT_MODEL>Illumina NovaSeq 6000</INSTRUMENT_MODEL>
      </ILLUMINA>
    </PLATFORM>
  </EXPERIMENT>
  <EXPERIMENT alias="SARS-CoV-2 experiment 2">
    <TITLE>SARS-CoV-2 UNIBS-AP66-0320 experiment 1</TITLE>
    <STUDY_REF accession="PRJEB####" />
    <DESIGN>
      <DESIGN_DESCRIPTION>Amplicons were cleaned-up with AMPure XP beads (Beckman Coulter) with a 1:1 ratio and amplicon concentrations were quantified with the Qubit Fluorometric Quantitation system (Life Technologies)</DESIGN_DESCRIPTION>
      <SAMPLE_DESCRIPTOR accession="SAMEA######" />
      <LIBRARY_DESCRIPTOR>
        <LIBRARY_STRATEGY>AMPLICON</LIBRARY_STRATEGY>
        <LIBRARY_SOURCE>VIRAL RNA</LIBRARY_SOURCE>
        <LIBRARY_SELECTION>RT-PCR</LIBRARY_SELECTION>
        <LIBRARY_LAYOUT>
          <PAIRED NOMINAL_LENGTH="100" />
        </LIBRARY_LAYOUT>
      </LIBRARY_DESCRIPTOR>
    </DESIGN>
    <PLATFORM>
      <ILLUMINA>
        <INSTRUMENT_MODEL>Illumina NovaSeq 6000</INSTRUMENT_MODEL>
      </ILLUMINA>
    </PLATFORM>
  </EXPERIMENT>
  <EXPERIMENT alias="SARS-CoV-2 experiment 3">
    <TITLE>SARS-CoV-2 UNIBS-AP66-0320 experiment 1</TITLE>
    <STUDY_REF accession="PRJEB####" />
    <DESIGN>
      <DESIGN_DESCRIPTION>Amplicons were cleaned-up with AMPure XP beads (Beckman Coulter) with a 1:1 ratio and amplicon concentrations were quantified with the Qubit Fluorometric Quantitation system (Life Technologies)</DESIGN_DESCRIPTION>
      <SAMPLE_DESCRIPTOR accession="SAMEA######" />
      <LIBRARY_DESCRIPTOR>
        <LIBRARY_STRATEGY>AMPLICON</LIBRARY_STRATEGY>
        <LIBRARY_SOURCE>VIRAL RNA</LIBRARY_SOURCE>
        <LIBRARY_SELECTION>RT-PCR</LIBRARY_SELECTION>
        <LIBRARY_LAYOUT>
          <PAIRED NOMINAL_LENGTH="100" />
        </LIBRARY_LAYOUT>
      </LIBRARY_DESCRIPTOR>
    </DESIGN>
    <PLATFORM>
      <ILLUMINA>
        <INSTRUMENT_MODEL>Illumina NovaSeq 6000</INSTRUMENT_MODEL>
      </ILLUMINA>
    </PLATFORM>
  </EXPERIMENT>
</EXPERIMENT_SET>
