<?xml version="1.0" encoding="UTF-8"?>
<RUN_SET>
  <RUN alias="SARS-CoV-2 paired fastqs run 1">
    <TITLE>SARS-CoV-2 paired fastqs for sample 1</TITLE>
    <EXPERIMENT_REF refname="SARS-CoV-2 experiment 1" />
    <DATA_BLOCK>
      <FILES>
        <FILE filename="SARS-CoV-2-Sample1_1.fastq.gz" filetype="fastq" checksum_method="MD5" checksum="79fd9a51e0a56882ad33bcc8c1ab9cde" />
        <FILE filename="SARS-CoV-2-Sample1_2.fastq.gz" filetype="fastq" checksum_method="MD5" checksum="31b0061cb66950132e4cac8e559c8851" />
      </FILES>
    </DATA_BLOCK>
  </RUN>
  <RUN alias="SARS-CoV-2 paired fastqs run 2">
    <TITLE>SARS-CoV-2 paired fastqs for sample 2</TITLE>
    <EXPERIMENT_REF refname="SARS-CoV-2 experiment 2" />
    <DATA_BLOCK>
      <FILES>
        <FILE filename="SARS-CoV-2-Sample2_1.fastq.gz" filetype="fastq" checksum_method="MD5" checksum="79fd9a51e0a56882ad33bcc8c1ab9cde" />
        <FILE filename="SARS-CoV-2-Sample2_2.fastq.gz" filetype="fastq" checksum_method="MD5" checksum="31b0061cb66950132e4cac8e559c8851" />
      </FILES>
    </DATA_BLOCK>
  </RUN>
  <RUN alias="SARS-CoV-2 paired fastqs run 3">
    <TITLE>SARS-CoV-2 paired fastqs for sample 3</TITLE>
    <EXPERIMENT_REF refname="SARS-CoV-2 experiment 3" />
    <DATA_BLOCK>
      <FILES>
        <FILE filename="SARS-CoV-2-Sample3_1.fastq.gz" filetype="fastq" checksum_method="MD5" checksum="79fd9a51e0a56882ad33bcc8c1ab9cde" />
        <FILE filename="SARS-CoV-2-Sample3_2.fastq.gz" filetype="fastq" checksum_method="MD5" checksum="31b0061cb66950132e4cac8e559c8851" />
      </FILES>
    </DATA_BLOCK>
  </RUN>
</RUN_SET>
